Time,train-NumTrajs,train-MinReturn,LossAfter,Time-SampleProc,LossBefore,ItrTime,Time-Sampling,train-EnvExecTime,n_timesteps,train-PolicyExecTime,train-StdReturn,Time-Optimization,Itr,train-AverageDiscountedReturn,train-MaxReturn,train-AverageReturn
79.18400573730469,100,-124.72455234524938,-103.99934,3.7927114963531494,-103.99182,79.18400764465332,74.96433424949646,6.406291723251343,10000,37.43500566482544,29.947543191115955,0.42632555961608887,0,-25.416209563115732,29.09049452242459,-41.33129148407148
