train-MaxReturn,train-PolicyExecTime,train-MinReturn,LossAfter,ItrTime,train-NumTrajs,Time-Sampling,train-StdReturn,Time,LossBefore,Time-SampleProc,train-AverageReturn,train-AverageDiscountedReturn,train-EnvExecTime,Itr,Time-Optimization,n_timesteps
26.372325232965608,42.55928564071655,-136.32252986136282,-7.992565e-05,85.6943678855896,100,85.18382024765015,31.630319595702424,85.69436526298523,-1.4189385e-05,0.06265807151794434,-38.70037788978698,-24.040609000360554,7.116652965545654,0,0.44747352600097656,10000
21.876496165966085,36.777390480041504,-131.3898995511522,-1.2740412e-05,74.80203294754028,100,74.39541625976562,35.24015582075937,160.50386476516724,-1.4392967e-05,0.05872631072998047,-36.68229492475222,-23.10985905734391,6.294423818588257,1,0.3475043773651123,20000
